step	accuracy
0	0.0
1	0.6931471805599453
2	1.0986122886681098
3	1.3862943611198906
4	1.6094379124341003
5	1.791759469228055
6	1.9459101490553132
7	2.0794415416798357
8	2.1972245773362196
9	2.302585092994046
10	2.3978952727983707
11	2.4849066497880004
12	2.5649493574615367
13	2.6390573296152584
14	2.70805020110221
15	2.772588722239781
16	2.833213344056216
17	2.8903717578961645
18	2.9444389791664403
19	2.995732273553991
